{
  "identifier": "npc",
  "min_rarity": 0,
  "max_rarity": 4,
  "min_lvl": 1,
  "max_lvl": 10000,
  "dmg_multi": 1.0,
  "hp_multi": 1.0,
  "stat_multi": 1.0,
  "loot_multi": 0.05000000074505806,
  "exp_multi": 0.05000000074505806
}